{"cameraMode":{"drawMode":0,"name":"Shaded","section":"Shading Mode"},"sceneLighting":true,"audioPlay":false,"sceneViewState":{"m_AlwaysRefresh":false,"showFog":true,"showSkybox":true,"showFlares":true,"showImageEffects":true,"showParticleSystems":true,"showVisualEffectGraphs":true,"m_FxEnabled":true},"in2DMode":false,"pivot":{"x":-23.444189071655275,"y":-10.594551086425782,"z":0.9083437919616699},"rotation":{"x":0.15305930376052857,"y":-0.6542961001396179,"z":0.13762106001377107,"w":0.7277197241783142},"size":14.875569343566895,"orthographic":false}